symptoms,disease,description,medicines
"Joint pain, Swelling, Stiffness (especially in the morning), Fatigue, Weakness, Fever, Loss of appetite, Rheumatoid nodules (lumps under the skin)	",Rheumatoid Arthritis	,Autoimmune disorder causing inflammation of joints and surrounding tissues	,"Nonsteroidal anti-inflammatory drugs (NSAIDs), Disease-modifying antirheumatic drugs (DMARDs), Biologic response modifiers (e.g., TNF inhibitors)"
"Joint pain and swelling, Butterfly-shaped rash on face (malar rash), Fatigue, Fever, Chest pain, Sensitivity to sunlight, Mouth or nose sores, Raynaud's phenomenon	",Systemic Lupus Erythematosus (SLE)	,Chronic autoimmune disease affecting various organs and tissues	,"Nonsteroidal anti-inflammatory drugs (NSAIDs), Corticosteroids, Antimalarial drugs, Immunosuppressants, Biologic therapies"
"Fatigue, Numbness or weakness in limbs, Blurred or double vision, Tingling or pain in parts of the body, Impaired coordination or balance, Cognitive changes	",Multiple Sclerosis	,Autoimmune disease affecting the central nervous system	,"Corticosteroids (for acute exacerbations), Disease-modifying therapies (Interferons, Glatiramer acetate)"
"Increased thirst, Frequent urination, Extreme hunger, Unintended weight loss, Fatigue, Irritability, Blurred vision	",Type 1 Diabetes,Autoimmune condition causing destruction of insulin-producing cells in pancreas	,"Insulin therapy (multiple types), Blood sugar monitoring, Oral medications (in some cases)"
"Fatigue, Weight gain, Cold intolerance, Dry skin and hair, Constipation, Muscle weakness, Joint pain, Heavy or irregular periods (in women)	",Hashimoto's Thyroiditis	,Autoimmune disorder leading to inflammation and underactivity of the thyroid gland	,"Thyroid hormone replacement therapy (Levothyroxine), Anti-inflammatory medications (for symptom relief)"
"Hyperthyroidism symptoms: Weight loss, Rapid heartbeat, Nervousness or irritability, Tremors, Sweating, Fatigue, Heat intolerance, Bulging eyes (exophthalmos)	",Graves' Disease	,Autoimmune disorder causing overactivity of the thyroid gland	,"Antithyroid medications (Methimazole, Propylthiouracil), Beta-blockers (for symptom relief)"
"Diarrhea, Abdominal pain and cramping, Rectal bleeding, Weight loss, Fatigue, Reduced appetite, Fever, Perianal complications (fistulas, abscesses)	",Crohn's Disease	,Chronic inflammatory bowel disease affecting the gastrointestinal tract	,"Aminosalicylates, Corticosteroids, Immunomodulators, Biologic therapies"
"Diarrhea (often bloody), Abdominal pain and cramping, Rectal bleeding, Urgency to defecate, Inability to defecate despite urgency, Fatigue, Weight loss	",Ulcerative Colitis	,Chronic inflammatory bowel disease affecting the colon and rectum	,"Aminosalicylates, Corticosteroids, Immunomodulators, Biologic therapies"
"Red patches of skin covered with silvery scales, Itching or burning, Thickened or ridged nails, Swollen or stiff joints (psoriatic arthritis), Plaques on scalp	",Psoriasis	,Chronic autoimmune condition affecting the skin	,"Topical corticosteroids, Vitamin D analogs, Retinoids, Biologic therapies"
"Abdominal pain, Diarrhea, Bloating, Gas, Fatigue, Weight loss, Anemia, Osteoporosis, Dermatitis herpetiformis (skin rash)	",Celiac Disease	,"Autoimmune disorder triggered by gluten ingestion, causing damage to the small intestine	","Gluten-free diet (strict avoidance of gluten-containing foods), Nutritional supplements"
"Lump in breast or armpit, Change in breast size or shape, Nipple changes (inversion, discharge), Skin changes (redness, dimpling), Breast pain, Swollen lymph nodes	",Breast Cancer	,Cancer that forms in the tissues of the breast,"Chemotherapy, Hormonal therapy (Tamoxifen, Aromatase inhibitors), Targeted therapy (Herceptin), Radiation therapy"
"Persistent cough, Chest pain, Hoarseness, Shortness of breath, Coughing up blood, Fatigue, Unintended weight loss, Recurrent respiratory infections	",Lung Cancer	,Cancer that begins in the lungs,"Chemotherapy, Immunotherapy (Checkpoint inhibitors), Targeted therapy (EGFR inhibitors), Radiation therapy, Surgery"
"Urinary problems (frequent urination, weak urine stream), Blood in urine or semen, Erectile dysfunction, Pain or stiffness in pelvis, Bone pain	",Prostate Cancer,Cancer that occurs in the prostate gland,"Active surveillance (for low-risk cases), Surgery (Prostatectomy), Radiation therapy, Hormonal therapy (Androgen deprivation therapy)"
"Change in bowel habits (diarrhea or constipation), Blood in stool, Abdominal discomfort or pain, Fatigue, Unintended weight loss, Anemia	",Colorectal Cancer	,Cancer that starts in the colon or rectum,"Surgery (Colectomy, Proctectomy), Chemotherapy, Targeted therapy (EGFR inhibitors), Immunotherapy (Checkpoint inhibitors), Radiation therapy"
"Change in size, shape, or color of a mole, New mole or growth on skin, Itching or pain in a mole, Sores that don't heal, Spread of pigment from border of a mole	",Skin Cancer (Melanoma)	,Cancer that develops in the melanocytes (pigment-producing cells),"Surgery (Wide local excision), Immunotherapy (Checkpoint inhibitors), Targeted therapy (BRAF inhibitors), Radiation therapy"
"Fatigue, Weakness, Pale skin, Frequent infections, Fever, Easy bleeding or bruising, Enlarged lymph nodes or spleen, Bone pain	",Leukemia	,Cancer of the blood-forming tissues,"Chemotherapy, Targeted therapy (Tyrosine kinase inhibitors), Immunotherapy (Monoclonal antibodies), Stem cell transplant"
"Swollen lymph nodes (usually painless), Fatigue, Fever, Night sweats, Unintended weight loss, Itchy skin, Respiratory symptoms	",Lymphoma,Cancer of the lymphatic system,"Chemotherapy, Immunotherapy (Checkpoint inhibitors), Targeted therapy (Monoclonal antibodies), Radiation therapy"
"Abdominal bloating or swelling, Pelvic pain or pressure, Difficulty eating or feeling full quickly, Urinary urgency or frequency, Fatigue, Back pain	",Ovarian Cancer	,Cancer that begins in the ovaries,"Surgery (Hysterectomy), Chemotherapy, Targeted therapy (PARP inhibitors), Immunotherapy (Checkpoint inhibitors)"
"Abdominal pain or discomfort, Jaundice (yellowing of skin and eyes), Unintended weight loss, Loss of appetite, Nausea, Fatigue, New-onset diabetes	",Pancreatic Cancer	,Cancer that starts in the pancreas,"Surgery (Pancreatectomy), Chemotherapy, Targeted therapy (EGFR inhibitors), Immunotherapy (Checkpoint inhibitors), Radiation therapy"
"Headaches, Seizures, Nausea and vomiting, Cognitive changes (memory loss, difficulty concentrating), Weakness or paralysis, Vision or speech problems	",Brain Cancer (Glioblastoma)	,Cancer that occurs in the brain,"Surgery (Tumor resection), Chemotherapy, Radiation therapy, Tumor-treating fields therapy (Optune)"
"Blood in urine, Painful or frequent urination, Back or pelvic pain, Urinary urgency, Unintended weight loss, Fatigue, Bone pain	",Bladder Cancer	,Cancer that begins in the bladder,"Surgery (Transurethral resection, Cystectomy), Immunotherapy (Checkpoint inhibitors), Chemotherapy, Radiation therapy"
"Jaundice, Abdominal pain or swelling, Unintended weight loss, Loss of appetite, Fatigue, Weakness, Nausea and vomiting, White chalky stools	",Liver Cancer	,Cancer that starts in the liver,"Surgery (Hepatectomy), Liver transplant, Ablation therapy, Embolization, Chemotherapy, Targeted therapy (Sorafenib)"
"Difficulty swallowing (dysphagia), Pain or discomfort in chest or throat, Unintended weight loss, Chronic cough, Hoarseness, Heartburn	",Esophageal Cancer	,Cancer that forms in the esophagus,"Surgery (Esophagectomy), Chemotherapy, Radiation therapy, Immunotherapy (Checkpoint inhibitors), Targeted therapy (EGFR inhibitors)"
"Chest pain (angina), Shortness of breath, Fatigue, Weakness, Dizziness, Nausea",Coronary Artery Disease (CAD),"Narrowing or blockage of coronary arteries, leading to reduced blood flow to the heart muscle","Aspirin, Statins, Beta-blockers, ACE inhibitors, Calcium channel blockers"
"Chest pain or discomfort (often radiating to arm, jaw, back, or neck), Shortness of breath, Nausea, Vomiting, Sweating",Myocardial Infarction (Heart Attack),Death of heart muscle tissue due to blocked blood flow to the heart,"Aspirin, Thrombolytics, Beta-blockers, ACE inhibitors, Statins"
"Shortness of breath (especially during physical exertion or when lying flat), Fatigue, Swelling (edema) in legs, ankles, or abdomen, Rapid or irregular heartbeat",Heart Failure,Inability of the heart to pump blood effectively,"Diuretics, ACE inhibitors, Beta-blockers, Aldosterone antagonists, Angiotensin receptor blockers"
"Headaches, Shortness of breath, Nosebleeds, Flushing, Dizziness, Chest pain (in severe cases)",Hypertension (High Blood Pressure),Persistent elevation of blood pressure above normal levels,"Diuretics, ACE inhibitors, Angiotensin II receptor blockers, Calcium channel blockers, Beta-blockers"
"Palpitations (fluttering or pounding sensation in chest), Chest discomfort, Shortness of breath, Dizziness, Fainting (syncope)",Arrhythmia,Irregular heart rhythm or heartbeat,"Antiarrhythmic medications, Beta-blockers, Calcium channel blockers, Anticoagulants"
"Painful cramping in hip, thigh, or calf muscles after physical activity (claudication), Numbness or weakness in affected limb, Coldness in lower leg or foot",Peripheral Artery Disease (PAD),Narrowing or blockage of arteries supplying blood to extremities,"Antiplatelet agents (e.g., Aspirin), Statins, Medications to control blood pressure"
"Chest pain (angina), Shortness of breath, Weakness, Fatigue, Numbness or weakness in limbs, Confusion, Vision problems",Atherosclerosis,Buildup of plaque (fatty deposits) in arteries,"Statins, Antiplatelet agents (e.g., Aspirin), Beta-blockers, ACE inhibitors, Calcium channel blockers"
"Shortness of breath, Fatigue, Swelling in legs, ankles, or abdomen, Irregular heartbeats, Dizziness or lightheadedness, Chest pain or pressure",Cardiomyopathy,"Disease of the heart muscle, leading to weakened heart function","ACE inhibitors, Beta-blockers, Diuretics, Anticoagulants, Antiarrhythmic medications"
"Irregular heartbeats (palpitations), Rapid heartbeat (tachycardia), Weakness, Fatigue, Shortness of breath, Chest pain or discomfort",Atrial Fibrillation,Irregular and often rapid heartbeat originating in the atria,"Anticoagulants, Rate control medications (Beta-blockers, Calcium channel blockers), Rhythm control medications (Amiodarone, Flecainide)"
"Shortness of breath, Fatigue, Irregular heartbeat, Swelling in legs or abdomen, Chest pain or pressure, Dizziness or fainting episodes",Valvular Heart Disease,"Dysfunction or damage to heart valves, affecting blood flow","Diuretics, ACE inhibitors, Beta-blockers, Anticoagulants, Heart valve repair or replacement surgery"
"Fever, Chills, Fatigue, Weakness, Shortness of breath, Chest pain, Palpitations, Small red or purple spots on skin (petechiae)",Endocarditis,Inflammation of the inner lining of the heart chambers and valves,"Antibiotics, Anticoagulants, Surgery (in severe cases)"
"Chest pain (sharp, stabbing, or dull), Shortness of breath, Cough, Fever, Fatigue, Swelling in abdomen or legs, Irregular heartbeat",Pericarditis,Inflammation of the pericardium (the sac surrounding the heart),"Nonsteroidal anti-inflammatory drugs (NSAIDs), Colchicine, Corticosteroids"
"Cyanosis (bluish tint to skin, lips, or nails), Shortness of breath, Poor feeding or growth (in infants), Fatigue, Swelling in extremities",Congenital Heart Disease	,Structural heart defects present at birth,"Surgical repair, Medications to control symptoms (e.g., Diuretics, ACE inhibitors)"
"Fatigue, Chest pain, Shortness of breath, Palpitations, Swollen or tender joints, Fever, Skin rash",Rheumatic Heart Disease,"Heart damage caused by rheumatic fever, resulting from untreated strep throat","Antibiotics (to treat strep throat), Anti-inflammatory medications, Surgery (in severe cases)"
"Persistent cough with thick sputum, Wheezing, Shortness of breath, Recurrent lung infections (pneumonia), Poor growth or weight gain	",Cystic Fibrosis	,"Genetic disorder causing thick, sticky mucus buildup in lungs and other organs	","Airway clearance techniques (Chest physiotherapy, Percussion and vibration), Bronchodilators, Inhaled antibiotics, Mucolytics, Enzyme supplements"
"Involuntary jerking or writhing movements (chorea), Muscle problems (rigidity, slow movements), Cognitive decline, Behavioral changes, Difficulty swallowing	",Huntington's Disease	,Inherited disorder causing progressive degeneration of nerve cells in the brain	,"Tetrabenazine, Antipsychotics (for behavioral symptoms), Antidepressants"
"Intellectual disability, Low muscle tone (hypotonia), Upward slanting eyes with small folds of skin at inner corners (epicanthal folds), Flat facial profile	",Down Syndrome	,Genetic disorder causing developmental and intellectual delays	,"Early intervention programs, Educational support, Speech therapy, Occupational therapy"
"Progressive muscle weakness, Difficulty walking, Frequent falls, Gait abnormalities, Enlarged calves, Muscle contractures, Heart problems, Breathing difficulties	",Duchenne Muscular Dystrophy	,Progressive muscle-wasting disease caused by genetic mutation	,"Corticosteroids (Prednisone, Deflazacort), Physical therapy, Mobility aids, Respiratory support"
"Excessive bleeding from minor injuries or surgery, Easy bruising, Joint pain or swelling (hemarthrosis), Blood in urine or stool, Nosebleeds	",Hemophilia,Genetic disorder impairing blood clotting ability	,"Clotting factor replacement therapy, Desmopressin (DDAVP), Antifibrinolytic medications"
"Pain crises (sudden and severe pain), Anemia, Fatigue, Jaundice, Swelling of hands and feet (dactylitis), Frequent infections, Delayed growth and development	",Sickle Cell Disease	,Genetic disorder causing abnormal hemoglobin production and red blood cell shape	,"Pain management (analgesics, opioids), Hydroxyurea, Blood transfusions, Antibiotics"
"Developmental delay, Loss of motor skills, Seizures, Blindness, Deafness, Difficulty swallowing, Progressive intellectual disability	",Tay-Sachs Disease	,Genetic disorder leading to progressive destruction of nerve cells in the brain	,"Supportive care (Symptom management), Physical therapy, Occupational therapy"
"Kidney problems (renal Fanconi syndrome), Growth failure, Muscle weakness, Photophobia (sensitivity to light), Poor appetite, Vomiting, Delayed puberty	",Cystinosis,Genetic disorder causing accumulation of cystine in cells and tissues	,"Cysteamine (to reduce cystine levels), Supportive care (fluid and electrolyte replacement)"
"Intellectual disability, Developmental delays, Behavioral problems, Hyperactivity, Seizures, Skin rashes, Musty odor in urine, Eczema	",Phenylketonuria (PKU)	,Inherited disorder causing inability to metabolize phenylalanine	,"Low-protein diet (restricted phenylalanine intake), Phenylalanine-free formula, Medications to manage symptoms and complications"
"High fever, severe headache, pain behind the eyes, joint and muscle pain, rash",Dengue Fever,Arboviral infection transmitted by mosquitoes,"Paracetamol, IV fluids"
"Persistent cough, chest pain, coughing up blood, fatigue, weight loss",Tuberculosis (TB),Infectious bacterial disease primarily affecting the lungs,"Rifampin, Isoniazid, Pyrazinamide, Ethambutol"
"Severe diarrhea, vomiting, dehydration, muscle cramps",Cholera,Bacterial infection causing severe diarrhea and dehydration,"Doxycycline, Azithromycin, Ciprofloxacin"
"Fever, chills, sweating, headache, nausea, vomiting",Malaria,Parasitic infection transmitted by mosquitoes,"Chloroquine, Artemisinin-based combination therapy (ACT), Mefloquine"
"High fever, stomach pain, weakness, headache, rash",Typhoid Fever,Bacterial infection caused by Salmonella typhi,"Ciprofloxacin, Azithromycin, Ceftriaxone"
"Jaundice (yellowing of the skin and eyes), fatigue, abdominal pain, nausea, joint pain",Hepatitis B,Viral infection affecting the liver,"Tenofovir, Entecavir, Interferon"
"High fever, headache, muscle aches, vomiting, jaundice",Leptospirosis,Bacterial infection caused by Leptospira species,"Doxycycline, Penicillin, Ceftriaxone"
"Fever, headache, nausea, confusion, hallucinations, paralysis",Rabies,Viral infection transmitted by animal bites,"Rabies vaccine, Rabies immune globulin (RIG)"
"Fever, cough, sore throat, runny or stuffy nose, body aches",Influenza,Viral respiratory infection,"Oseltamivir (Tamiflu), Zanamivir (Relenza)"
"Fever, fatigue, swollen lymph nodes, sore throat, rash, weight loss, night sweats",HIV/AIDS,Chronic viral infection affecting the immune system,Antiretroviral therapy (ART)
"Fever, cough, runny nose, sore throat, inflamed eyes, rash",Measles,Highly contagious viral infection,Vitamin A supplementation
"Cough with phlegm, fever, chills, shortness of breath, chest pain, fatigue",Pneumonia,Infection causing inflammation of the air sacs in one or both lungs,"Amoxicillin, Azithromycin, Ceftriaxone"
"Fever, joint pain, headache, muscle pain, rash",Chikungunya,Arboviral infection transmitted by mosquitoes,"Paracetamol, Fluids for hydration"
"Fever, chills, cough, chest discomfort, nausea, vomiting, abdominal pain",Plague,Bacterial infection caused by Yersinia pestis,"Ciprofloxacin, Doxycycline"
"Fever, rash, joint pain, conjunctivitis (red eyes), muscle pain",Zika Virus,Arboviral infection transmitted by mosquitoes,Supportive care
"Severe diarrhea, vomiting, fever, abdominal pain",Rotavirus Infection,Common viral cause of severe diarrhea in children,"Oral rehydration solution (ORS), Rotavirus vaccine"
"Nausea, vomiting, diarrhea, stomach pain, fever, headache",Norovirus Infection,Highly contagious viral gastroenteritis,"Supportive care, Fluids for hydration"
"Fever, sore throat, rash on hands, feet, and mouth, loss of appetite",Hand Foot and Mouth Disease,Viral infection common in children,"Supportive care, Pain relievers"
"Sudden severe headache, Nausea, Vomiting, Stiff neck, Sensitivity to light, Confusion, Seizures",Meningitis,Inflammation of the membranes covering the brain and spinal cord,"Antibiotics (for bacterial), Antivirals (for viral), Corticosteroids"
"Frequent urination, Excessive thirst, Unexplained weight loss, Fatigue, Blurred vision, Slow-healing sores",Type 2 Diabetes,Chronic metabolic disorder characterized by high blood sugar,"Metformin, Sulfonylureas, Insulin, Lifestyle modification"
"Shortness of breath, Wheezing, Chest tightness, Coughing (especially at night)",Asthma,Chronic inflammatory disease of the airways,"Inhaled corticosteroids, Beta-agonists, Leukotriene modifiers"
"Chronic cough, Shortness of breath, Sputum production, Wheezing, Chest tightness",Chronic Obstructive Pulmonary Disease (COPD),Progressive lung disease causing airflow blockage,"Bronchodilators, Inhaled steroids, Oxygen therapy"
"Fever, Sore throat, Swollen lymph nodes, Fatigue, Rash",Mononucleosis,Infectious disease caused by Epstein-Barr virus,"Supportive care, Rest, Hydration"
"Abdominal pain, Nausea, Vomiting, Loss of appetite, Jaundice, Dark urine, Pale stools",Hepatitis A,Acute viral infection of the liver,"Supportive care, Rest, Hydration"
"Painful urination, Increased frequency, Cloudy urine, Pelvic pain",Urinary Tract Infection (UTI),Infection in any part of the urinary system,"Antibiotics, Pain relievers, Increased fluid intake"
"Sudden weakness or numbness on one side of the body, Trouble speaking, Vision problems, Dizziness, Loss of balance",Stroke,Interruption of blood supply to the brain,"Thrombolytics, Antiplatelet drugs, Rehabilitation"
"Persistent sadness, Loss of interest, Fatigue, Changes in appetite, Sleep disturbances, Difficulty concentrating",Major Depressive Disorder,Mood disorder causing persistent feelings of sadness and loss of interest,"Antidepressants, Psychotherapy, Lifestyle changes"
"Tremor, Slowed movement, Muscle stiffness, Impaired posture, Balance problems",Parkinson's Disease,Progressive nervous system disorder affecting movement,"Levodopa, Dopamine agonists, MAO-B inhibitors"
"Memory loss, Confusion, Difficulty completing familiar tasks, Trouble understanding visual images, Misplacing things",Alzheimer's Disease,Progressive neurodegenerative disorder causing memory loss and cognitive decline,"Cholinesterase inhibitors, Memantine, Supportive care"
"Fever, Red rash starting on face and spreading, Runny nose, Cough, Koplik spots in mouth",Measles,Highly contagious viral infection,"Vitamin A, Supportive care"
"Fever, Swollen parotid glands, Headache, Muscle aches, Fatigue, Loss of appetite",Mumps,Viral infection affecting the salivary glands,"Supportive care, Pain relievers"
"Fever, Sore throat, Rash, Swollen glands, Headache, Fatigue",Rubella (German Measles),Viral infection causing rash and fever,"Supportive care, Rest"
"Fever, Sore throat, Painful swallowing, Red and swollen tonsils, White patches on tonsils",Strep Throat,Bacterial infection of the throat and tonsils,"Penicillin, Amoxicillin, Pain relievers"
"Fever, Chills, Productive cough with rusty sputum, Chest pain, Shortness of breath",Pneumococcal Pneumonia,Bacterial lung infection caused by Streptococcus pneumoniae,"Penicillin, Macrolides, Fluoroquinolones"
"Fever, Abdominal pain, Diarrhea (sometimes bloody), Nausea, Vomiting",Salmonellosis,Bacterial infection caused by Salmonella species,"Fluids, Supportive care, Antibiotics (in severe cases)"
"Fever, Sore throat, Swollen lymph nodes, Fatigue, Rash",Cytomegalovirus (CMV) Infection,Common viral infection that can affect multiple organs,"Antivirals (Ganciclovir, Valganciclovir), Supportive care"
"Fever, Muscle pain, Headache, Red eyes, Rash, Joint pain",Zika Virus Infection,Arboviral infection transmitted by mosquitoes,"Supportive care, Pain relievers"
"Fever, Severe muscle pain, Red urine, Jaundice, Kidney failure",Hemolytic Uremic Syndrome (HUS),Condition caused by E. coli infection leading to kidney failure,"Supportive care, Dialysis, Blood transfusions"
"Fever, cough, shortness of breath, loss of taste or smell, fatigue",COVID-19,Respiratory viral infection caused by SARS-CoV-2,"Supportive care, Antivirals (Remdesivir), Oxygen therapy"
"Fever, headache, muscle pain, vomiting, diarrhea, bleeding",Ebola Virus Disease,Severe viral hemorrhagic fever,"Supportive care, IV fluids, Experimental antivirals"
"Fever, headache, joint pain, rash, conjunctivitis",West Nile Virus Infection,Arboviral infection transmitted by mosquitoes,"Supportive care, Pain relievers"
"Fever, headache, muscle pain, back pain, vomiting, jaundice, bleeding",Yellow Fever,Acute viral hemorrhagic disease transmitted by mosquitoes,"Supportive care, Yellow fever vaccine (prevention)"
"Fever, headache, muscle pain, photophobia, neck stiffness",Tick-borne Encephalitis,Viral infection of the central nervous system transmitted by ticks,"Supportive care, Tick-borne encephalitis vaccine (prevention)"
"Fever, chills, cough, muscle aches, fatigue, pneumonia",Legionnaires' Disease,Bacterial lung infection caused by Legionella,"Antibiotics (Azithromycin, Levofloxacin)"
"Fever, chills, night sweats, weight loss, cough, chest pain",Histoplasmosis,Fungal infection caused by Histoplasma capsulatum,"Antifungals (Itraconazole, Amphotericin B)"
"Fever, cough, chest pain, hemoptysis, weight loss",Aspergillosis,Fungal infection caused by Aspergillus species,"Antifungals (Voriconazole, Amphotericin B)"
"Fever, cough, shortness of breath, skin lesions, bone pain",Coccidioidomycosis (Valley Fever),Fungal infection caused by Coccidioides species,"Antifungals (Fluconazole, Itraconazole)"
"Fever, chills, headache, muscle pain, rash, eschar at bite site",Scrub Typhus,Bacterial infection caused by Orientia tsutsugamushi,"Antibiotics (Doxycycline, Azithromycin)"
"Fever, chills, headache, muscle pain, lymphadenopathy, eschar at bite site",Rickettsialpox,Bacterial infection caused by Rickettsia akari,"Antibiotics (Doxycycline)"
"Fever, chills, headache, muscle pain, rash, renal failure",Hantavirus Pulmonary Syndrome,Viral infection transmitted by rodents,"Supportive care, Oxygen therapy"
"Fever, headache, muscle pain, vomiting, abdominal pain, jaundice",Crimean-Congo Hemorrhagic Fever,Tick-borne viral hemorrhagic fever,"Supportive care, Ribavirin (experimental)"
"Fever, headache, muscle pain, vomiting, diarrhea, conjunctivitis, rash",Lassa Fever,Acute viral hemorrhagic fever endemic in West Africa,"Supportive care, Ribavirin (early treatment)"
"Fever, headache, muscle pain, vomiting, diarrhea, bleeding, shock",Marburg Virus Disease,Severe viral hemorrhagic fever,"Supportive care, IV fluids, Experimental antivirals"
"Fever, headache, muscle pain, vomiting, diarrhea, confusion, seizures",Japanese Encephalitis,Viral brain infection transmitted by mosquitoes,"Supportive care, Japanese encephalitis vaccine (prevention)"
"Fever, headache, muscle pain, vomiting, diarrhea, photophobia, neck stiffness",Meningococcal Meningitis,Bacterial infection of the membranes covering the brain and spinal cord,"Antibiotics (Ceftriaxone, Penicillin), Meningococcal vaccine (prevention)"
"Fever, headache, muscle pain, vomiting, diarrhea, skin ulcers, swollen lymph nodes",Tularemia,Bacterial infection caused by Francisella tularensis,"Antibiotics (Streptomycin, Gentamicin)"
"Fever, headache, muscle pain, vomiting, diarrhea, skin ulcers, black eschar",Anthrax,Bacterial infection caused by Bacillus anthracis,"Antibiotics (Ciprofloxacin, Doxycycline), Anthrax vaccine (prevention)"
"Fever, headache, muscle pain, vomiting, diarrhea, lockjaw, muscle spasms",Tetanus,Bacterial infection caused by Clostridium tetani,"Tetanus immune globulin, Metronidazole, Tetanus vaccine (prevention)"
"Fever, headache, muscle pain, vomiting, diarrhea, double vision, muscle weakness",Botulism,Bacterial infection caused by Clostridium botulinum,"Antitoxin, Supportive care, Mechanical ventilation (if needed)"
"Fever, headache, muscle pain, vomiting, diarrhea, paralysis, difficulty breathing",Polio,Viral infection caused by poliovirus,"Supportive care, Polio vaccine (prevention)"
"Fever, headache, muscle pain, vomiting, diarrhea, skin rash, joint pain",Chikungunya Virus Infection,Arboviral infection transmitted by mosquitoes,"Supportive care, Pain relievers"
"Fever, headache, muscle pain, vomiting, diarrhea, skin rash, conjunctivitis",Mayaro Virus Infection,Arboviral infection transmitted by mosquitoes,"Supportive care, Pain relievers"
"Fever, headache, muscle pain, vomiting, diarrhea, skin rash, lymphadenopathy",O'nyong-nyong Virus Infection,Arboviral infection transmitted by mosquitoes,"Supportive care, Pain relievers"
"Fever, headache, muscle pain, vomiting, diarrhea, skin rash, photophobia",Rift Valley Fever,Viral infection transmitted by mosquitoes,"Supportive care, Ribavirin (experimental)"
"Fever, headache, muscle pain, vomiting, diarrhea, skin rash, jaundice",Dengue Hemorrhagic Fever,Severe form of dengue virus infection,"Supportive care, IV fluids, Blood transfusions (if needed)"
"Fever, headache, muscle pain, vomiting, diarrhea, skin rash, bleeding gums",Dengue Shock Syndrome,Severe form of dengue virus infection with shock,"Supportive care, IV fluids, Blood transfusions (if needed)"
"Fever, headache, muscle pain, vomiting, diarrhea, skin rash, joint swelling",Ross River Virus Infection,Arboviral infection transmitted by mosquitoes,"Supportive care, Pain relievers"
"Fever, headache, muscle pain, vomiting, diarrhea, skin rash, joint pain, conjunctivitis",Zika Congenital Syndrome,Zika virus infection in pregnancy causing birth defects,"Supportive care, Pain relievers, Prenatal care"
"Muscle weakness, drooping eyelids, double vision, difficulty swallowing, shortness of breath",Myasthenia Gravis,Autoimmune disorder causing weakness in skeletal muscles,"Acetylcholinesterase inhibitors (Pyridostigmine), Immunosuppressants, Plasmapheresis, IVIG"
"Dry mouth, dry eyes, joint pain, swelling, fatigue, skin rashes",Sjögren's Syndrome,Autoimmune disorder affecting moisture-producing glands,"Artificial tears, Saliva substitutes, Immunosuppressants, Hydroxychloroquine"
"Skin thickening, Raynaud's phenomenon, joint pain, heartburn, shortness of breath",Systemic Sclerosis (Scleroderma),Autoimmune disease causing hardening and tightening of the skin and connective tissues,"Immunosuppressants, Vasodilators, Proton pump inhibitors, Physical therapy"
"Abdominal pain, diarrhea, weight loss, fever, mouth ulcers, joint pain",Behçet's Disease,Autoimmune disorder causing blood vessel inflammation throughout the body,"Corticosteroids, Immunosuppressants, Colchicine, TNF inhibitors"
"Muscle pain, weakness, skin rash, difficulty climbing stairs, swallowing problems",Dermatomyositis,Autoimmune disease causing muscle inflammation and skin rash,"Corticosteroids, Immunosuppressants, IVIG, Physical therapy"
"Fatigue, joint pain, skin rash, fever, mouth ulcers, hair loss",Mixed Connective Tissue Disease,Autoimmune disorder with features of lupus scleroderma and polymyositis,"Corticosteroids, Immunosuppressants, NSAIDs"
"Chronic cough, shortness of breath, wheezing, chest tightness, fatigue",Pulmonary Fibrosis,Progressive lung disease causing scarring of lung tissue,"Antifibrotic agents (Pirfenidone, Nintedanib), Oxygen therapy, Pulmonary rehabilitation"
"Persistent cough, blood in sputum, chest pain, weight loss, fatigue",Small Cell Lung Cancer,Aggressive form of lung cancer,"Chemotherapy, Radiation therapy, Immunotherapy"
"Abdominal pain, jaundice, weight loss, loss of appetite, back pain",Gallbladder Cancer,Rare cancer affecting the gallbladder,"Surgery, Chemotherapy, Radiation therapy"
"Abdominal pain, bloating, early satiety, weight loss, nausea",Gastric (Stomach) Cancer,Cancer that forms in the lining of the stomach,"Surgery, Chemotherapy, Targeted therapy, Radiation therapy"
"Headache, vision changes, nausea, vomiting, seizures, personality changes",Pituitary Tumor,Abnormal growth in the pituitary gland,"Surgery, Radiation therapy, Hormone therapy"
"Bone pain, fractures, fatigue, frequent infections, weight loss",Multiple Myeloma,Cancer of plasma cells in bone marrow,"Chemotherapy, Targeted therapy, Stem cell transplant, Steroids"
"Swelling in neck, hoarseness, difficulty swallowing, cough",Thyroid Cancer,Cancer of the thyroid gland,"Surgery, Radioactive iodine, Thyroid hormone therapy, Radiation therapy"
"Chest pain, shortness of breath, palpitations, fainting, fatigue",Aortic Stenosis,Narrowing of the aortic valve in the heart,"Valve replacement surgery, Medications to manage symptoms"
"Leg pain when walking, numbness, coldness in lower leg, slow-healing sores",Buerger's Disease,Inflammation and thrombosis in small and medium-sized blood vessels,"Smoking cessation, Vasodilators, Anticoagulants"
"Sudden severe headache, vision loss, confusion, nausea, vomiting",Cerebral Aneurysm,Rupture or bulging of a blood vessel in the brain,"Surgical clipping, Endovascular coiling, Blood pressure control"
"Muscle weakness, spasticity, vision problems, speech difficulties, cognitive decline",Amyotrophic Lateral Sclerosis (ALS),Progressive neurodegenerative disease affecting nerve cells in the brain and spinal cord,"Riluzole, Edaravone, Physical therapy, Speech therapy"
"Muscle stiffness, spasms, difficulty walking, vision problems, fatigue",Primary Lateral Sclerosis,Rare neuromuscular disorder affecting voluntary muscle movement,"Physical therapy, Baclofen, Tizanidine"
"Muscle weakness, loss of reflexes, numbness, tingling, difficulty breathing",Guillain-Barré Syndrome,Rapid-onset muscle weakness caused by the immune system damaging the peripheral nervous system,"IVIG, Plasmapheresis, Supportive care"
"Muscle weakness, atrophy, difficulty swallowing, breathing problems, twitching",Spinal Muscular Atrophy,Genetic disorder affecting the control of muscle movement,"Nusinersen, Gene therapy, Physical therapy"
"Developmental delay, intellectual disability, distinctive facial features, heart defects",Williams Syndrome,Genetic disorder caused by deletion of genetic material on chromosome 7,"Speech therapy, Physical therapy, Educational support"
"Obesity, excessive hunger, intellectual disability, low muscle tone, behavioral problems",Prader-Willi Syndrome,Genetic disorder due to loss of function of specific genes,"Growth hormone therapy, Dietary management, Behavioral therapy"
"Tall stature, long limbs, heart problems, lens dislocation, scoliosis",Marfan Syndrome,Genetic disorder affecting connective tissue,"Beta-blockers, Aortic surgery, Regular monitoring"
"Obesity, high blood pressure, high blood sugar, abnormal cholesterol levels",Metabolic Syndrome,"Cluster of conditions increasing risk of heart disease, stroke and diabetes","Lifestyle modification, Statins, Antihypertensives, Metformin"
"Abdominal pain, vomiting, jaundice, dark urine, pale stools, weight loss",Alpha-1 Antitrypsin Deficiency,Genetic disorder causing lung and liver disease,"Alpha-1 proteinase inhibitor therapy, Bronchodilators, Liver transplant"
"Muscle weakness, exercise intolerance, heart problems, respiratory issues",Pompe Disease,Genetic metabolic disorder affecting muscle function,"Enzyme replacement therapy, Physical therapy"
"Muscle pain, cramps, fatigue, dark urine after exercise",McArdle Disease,Genetic disorder affecting muscle metabolism,"Dietary management, Physical therapy"
"Muscle weakness, heart problems, respiratory issues, feeding difficulties",Duchenne Muscular Dystrophy,Genetic disorder causing progressive muscle degeneration,"Corticosteroids, Physical therapy, Cardiac care"
"Muscle weakness, drooping eyelids, double vision, difficulty swallowing, shortness of breath",Lambert-Eaton Myasthenic Syndrome,Autoimmune disorder affecting nerve-muscle communication,"Immunosuppressants, Plasmapheresis, IVIG"
"Shortness of breath, wheezing, chest tightness, cough, fatigue",Bronchiectasis,Chronic condition where the walls of the bronchi are thickened from inflammation and infection,"Antibiotics, Airway clearance, Bronchodilators"
"Shortness of breath, cough, chest pain, fever, fatigue, bluish lips",Acute Respiratory Distress Syndrome (ARDS),Severe lung condition causing low oxygen levels,"Mechanical ventilation, Supportive care, Treat underlying cause"
"Shortness of breath, cough, chest pain, fever, fatigue, weight loss",Interstitial Lung Disease,Group of disorders causing lung scarring,"Corticosteroids, Immunosuppressants, Oxygen therapy"
"Shortness of breath, cough, chest pain, fever, fatigue, mucus production",Chronic Bronchitis,Chronic inflammation of the bronchi in the lungs,"Bronchodilators, Inhaled steroids, Oxygen therapy"
"Shortness of breath, cough, chest pain, fever, fatigue, barrel chest",Emphysema,Chronic lung disease causing shortness of breath,"Bronchodilators, Inhaled steroids, Oxygen therapy"
"Shortness of breath, cough, chest pain, fever, fatigue, morning headaches",Obstructive Sleep Apnea,Repeated episodes of blocked breathing during sleep,"CPAP, Weight loss, Surgery (in severe cases)"
"Shortness of breath, cough, chest pain, fever, fatigue, pink frothy sputum",Pulmonary Edema,Fluid accumulation in the lungs,"Diuretics, Oxygen therapy, Treat underlying cause"
"Shortness of breath, cough, chest pain, fever, fatigue, difficulty breathing",Pleural Effusion,Excess fluid between the layers of the pleura outside the lungs,"Thoracentesis, Treat underlying cause, Diuretics"
"Shortness of breath, cough, chest pain, fever, fatigue, sharp pain when breathing",Pleurisy,Inflammation of the tissues that line the lungs and chest cavity,"NSAIDs, Treat underlying cause, Corticosteroids"
"Shortness of breath, cough, chest pain, fever, fatigue, dizziness",Pulmonary Hypertension,High blood pressure in the arteries of the lungs,"Vasodilators, Anticoagulants, Oxygen therapy"
"Shortness of breath, cough, chest pain, fever, fatigue, skin lesions",Pulmonary Sarcoidosis,Inflammatory disease affecting the lungs,"Corticosteroids, Immunosuppressants, Methotrexate"
"Shortness of breath, cough, chest pain, fever, fatigue, clubbing of fingers",Idiopathic Pulmonary Fibrosis,Chronic progressive lung disease causing scarring,"Antifibrotic agents, Oxygen therapy, Pulmonary rehabilitation"
"Shortness of breath, cough, chest pain, fever, fatigue, wheezing",Bronchiolitis Obliterans,Obstruction of the smallest airways of the lungs,"Immunosuppressants, Corticosteroids, Supportive care"
"Shortness of breath, cough, chest pain, fever, fatigue, jaundice",Alpha-1 Antitrypsin Deficiency,Genetic disorder causing lung and liver disease,"Alpha-1 proteinase inhibitor therapy, Bronchodilators, Liver transplant"
"Shortness of breath, cough, chest pain, fever, fatigue, chills",Hypersensitivity Pneumonitis,Allergic reaction causing lung inflammation,"Corticosteroids, Avoidance of allergen, Oxygen therapy"
"Shortness of breath, cough, chest pain, fever, fatigue, recurrent pneumothorax",Lymphangioleiomyomatosis,Rare lung disease affecting women of childbearing age,"Sirolimus, Oxygen therapy, Lung transplant"
"Shortness of breath, chest pain, fatigue, fainting, swelling in legs",Pulmonary Hypertension,High blood pressure in lung arteries,"Vasodilators, Anticoagulants, Oxygen therapy"
"Shortness of breath, cough, chest pain, fatigue, skin lesions",Sarcoidosis,Inflammatory disease causing granulomas in organs,"Corticosteroids, Immunosuppressants, Supportive care"
"Nausea, vomiting, diarrhea, abdominal cramps, fever",Gastroenteritis,Inflammation of stomach and intestines,"Oral rehydration, Antiemetics, Antidiarrheals (if needed)"
"Unsteady gait, poor coordination, slurred speech, tremor, vision problems",Spinocerebellar Ataxia,Group of genetic disorders affecting the cerebellum,"Physical therapy, Occupational therapy, Supportive care"
"Low blood sugar, enlarged liver, growth delay, muscle weakness",Glycogen Storage Disease,Group of inherited disorders affecting glycogen metabolism,"Dietary management, Cornstarch therapy, Supportive care"
"Obesity, extra fingers/toes, kidney abnormalities, vision loss, learning difficulties",Bardet-Biedl Syndrome,Genetic disorder affecting multiple body systems,"Vision aids, Weight management, Supportive care"
"Chronic cough, night sweats, weight loss, fever, hemoptysis",Pulmonary Tuberculosis,Infectious bacterial disease affecting the lungs,"Isoniazid, Rifampin, Pyrazinamide, Ethambutol"
"Wheezing, rapid breathing, cough, difficulty feeding, cyanosis",Bronchiolitis,Inflammation of the small airways in the lungs (often viral),"Supportive care, Oxygen therapy, Fluids"
"Cough, fever, shortness of breath, chest pain, fatigue",Pneumonitis,Inflammation of lung tissue due to infection or irritants,"Corticosteroids, Antibiotics (if infectious), Supportive care"
"Sudden shortness of breath, chest pain, rapid heart rate, coughing up blood",Pulmonary Embolism,Blood clot in the lungs,"Anticoagulants, Thrombolytics, Surgery (in severe cases)"
"Severe shortness of breath, rapid breathing, confusion, low oxygen levels",Acute Respiratory Distress Syndrome (ARDS),Severe lung condition causing respiratory failure,"Mechanical ventilation, Supportive care, Treat underlying cause"
"Shortness of breath, dry cough, fatigue, weight loss",Interstitial Lung Disease,Group of disorders causing lung scarring,"Antifibrotic agents, Corticosteroids, Oxygen therapy"
"Chronic cough, mucus production, shortness of breath, frequent infections",Chronic Bronchitis,Type of COPD with long-term inflammation of bronchi,"Bronchodilators, Inhaled steroids, Smoking cessation"
"Shortness of breath, cough, wheezing, chest tightness",Emphysema,Type of COPD with damage to alveoli,"Bronchodilators, Oxygen therapy, Pulmonary rehabilitation"
"Loud snoring, daytime sleepiness, morning headaches, difficulty concentrating",Obstructive Sleep Apnea,Sleep disorder with repeated airway blockage,"CPAP, Weight loss, Oral appliances"
"Shortness of breath, rapid breathing, pink frothy sputum, anxiety",Pulmonary Edema,Fluid accumulation in the lungs,"Diuretics, Oxygen therapy, Treat underlying cause"
"Shortness of breath, chest pain, dry cough, fever, pleuritic pain",Pleural Effusion,Excess fluid between lung and chest wall,"Thoracentesis, Treat underlying cause, Supportive care"
"Sharp chest pain, worsens with breathing/coughing, fever, dry cough",Pleurisy,Inflammation of the pleura (lung lining),"NSAIDs, Treat underlying cause, Supportive care"
"Shortness of breath, cough, chest pain, fatigue, skin lesions",Pulmonary Sarcoidosis,Type of sarcoidosis affecting the lungs,"Corticosteroids, Immunosuppressants, Supportive care"
"Progressive shortness of breath, dry cough, fatigue, clubbing of fingers",Idiopathic Pulmonary Fibrosis,Chronic lung disease with unknown cause,"Antifibrotic agents, Oxygen therapy, Pulmonary rehabilitation"
"Progressive cough, shortness of breath, wheezing, fatigue",Bronchiolitis Obliterans,Obstructive lung disease with airway inflammation and scarring,"Immunosuppressants, Supportive care, Oxygen therapy"
"Cough, fever, chills, shortness of breath, weight loss",Hypersensitivity Pneumonitis,Allergic reaction in the lungs to inhaled particles,"Corticosteroids, Avoidance of trigger, Supportive care"
"Shortness of breath, chest pain, cough, recurrent pneumothorax",Lymphangioleiomyomatosis,Rare lung disease affecting women,"Sirolimus, Oxygen therapy, Supportive care"
"Shortness of breath, cough, thick sputum, fatigue, hypoxemia",Pulmonary Alveolar Proteinosis,Rare lung disease with surfactant accumulation,"Whole lung lavage, GM-CSF therapy, Supportive care"
"Rapid breathing, poor feeding, cyanosis, chronic lung disease in infants",Bronchopulmonary Dysplasia,Chronic lung disease in premature infants,"Oxygen therapy, Diuretics, Supportive care"
"Cough, wheezing, difficulty breathing, fever, runny nose",RSV Infection,Respiratory syncytial virus infection common in infants,"Supportive care, Oxygen therapy, Fluids"
"Chronic cough, thick mucus, recurrent lung infections, sinusitis",Primary Ciliary Dyskinesia,Genetic disorder affecting cilia movement,"Airway clearance, Antibiotics, Supportive care"
"Chronic sinusitis, bronchiectasis, situs inversus, infertility",Kartagener Syndrome,Genetic disorder with triad of symptoms,"Airway clearance, Antibiotics, Supportive care"
"Cough, shortness of breath, chest pain, weight loss, bone lesions",Pulmonary Langerhans Cell Histiocytosis,Rare lung disease with abnormal Langerhans cells,"Smoking cessation, Steroids, Chemotherapy"
"Cough, hemoptysis, shortness of breath, anemia, kidney problems",Pulmonary Capillaritis,Inflammation of lung capillaries often with autoimmune disease,"Immunosuppressants, Steroids, Supportive care"
"Muscle weakness, tremors, coordination problems, slurred speech, memory loss",Wilson's Disease,Genetic disorder causing copper accumulation in organs,"D-penicillamine, Trientine, Zinc supplements, Low copper diet"
"Vision problems, cataracts, poor muscle tone, developmental delays",Galactosemia,Genetic disorder affecting galactose metabolism,"Galactose-restricted diet, Dietary supplements, Regular monitoring"
"Bone pain, short stature, bone deformities, delayed walking",Hypophosphatasia,Genetic disorder affecting bone and tooth mineralization,"Enzyme replacement therapy, Vitamin B6, Supportive care"
"Hyperflexible joints, easy bruising, fragile skin, poor wound healing",Ehlers-Danlos Syndrome,Inherited disorder affecting connective tissue,"Physical therapy, Pain management, Joint protection"
"Heat intolerance, excessive sweating, rapid heartbeat, anxiety, weight loss",Graves' Disease,Autoimmune disorder causing overactive thyroid,"Antithyroid medications, Radioactive iodine, Beta blockers"
"Joint stiffness, skin rashes, fever, muscle weakness, organ inflammation",Juvenile Dermatomyositis,Childhood autoimmune disease affecting muscles and skin,"Corticosteroids, Immunosuppressants, Physical therapy"
"Chronic fatigue, brain fog, muscle aches, sleep problems, post-exertional malaise",Chronic Fatigue Syndrome,Complex disorder causing extreme fatigue,"Pain management, Sleep therapy, Activity pacing"
"Recurring headaches, visual disturbances, sensitivity to light and sound",Chronic Migraine,Neurological condition causing severe headaches,"Preventive medications, Pain relievers, Lifestyle changes"
"Tremors, stiffness, slow movement, poor balance, stooped posture",Progressive Supranuclear Palsy,Rare brain disorder affecting movement and balance,"Supportive care, Physical therapy, Speech therapy"
"Muscle cramps, numbness, tingling, balance problems, coordination issues",Multiple Sclerosis,Autoimmune disease affecting the central nervous system,"Disease-modifying drugs, Corticosteroids, Physical therapy"
"Abdominal pain, blood in urine, kidney stones, UTIs, high blood pressure",Polycystic Kidney Disease,Genetic disorder causing kidney cysts,"Blood pressure control, Pain management, Dialysis if needed"
"Vision loss, light sensitivity, poor night vision, peripheral vision loss",Retinitis Pigmentosa,Genetic disorder causing retinal degeneration,"Vision aids, Vitamin A, Regular monitoring"
"Growth delays, heart defects, feeding problems, distinctive facial features",Noonan Syndrome,Genetic disorder affecting multiple body systems,"Growth hormone therapy, Heart surgery if needed, Physical therapy"
"Developmental delays, seizures, autism-like behavior, sleep problems",Angelman Syndrome,Genetic disorder affecting nervous system development,"Anticonvulsants, Physical therapy, Speech therapy"
"Cleft palate, heart defects, immune problems, learning difficulties",DiGeorge Syndrome,Genetic disorder affecting multiple body systems,"Immune system support, Heart surgery, Speech therapy"
"Frequent infections, poor growth, diarrhea, liver problems",Chronic Granulomatous Disease,Inherited disorder affecting immune system,"Antibiotics, Antifungals, Interferon-gamma"
"Bone deformities, short stature, hearing loss, blue sclera",Osteogenesis Imperfecta,Genetic disorder causing brittle bones,"Bisphosphonates, Physical therapy, Pain management"
"Painful swollen joints, skin rashes, fever, fatigue, kidney problems",Systemic Lupus Erythematosus,Autoimmune disease affecting multiple organs,"Immunosuppressants, NSAIDs, Antimalarials"
"Blood in stool, abdominal pain, diarrhea, weight loss, fatigue",Ulcerative Colitis,Inflammatory bowel disease affecting colon,"Anti-inflammatory drugs, Immunosuppressants, Surgery if needed"
"Pelvic pain, heavy periods, infertility, fatigue",Endometriosis,Condition where uterine tissue grows outside uterus,"Hormone therapy, Pain management, Surgery"
"Facial pain, numbness, muscle spasms, sensitivity to touch",Trigeminal Neuralgia,Chronic condition affecting facial nerves,"Anticonvulsants, Pain medications, Surgery in severe cases"
"Memory loss, personality changes, hallucinations, sleep problems",Lewy Body Dementia,Progressive brain disorder causing dementia,"Cholinesterase inhibitors, Antipsychotics, Supportive care"
"Eye pain, vision loss, halos around lights, increased eye pressure",Glaucoma,Group of eye conditions causing optic nerve damage,"Eye drops, Oral medications, Surgery if needed"
"Joint pain, back pain, stiffness, reduced mobility, fatigue",Ankylosing Spondylitis,Inflammatory arthritis affecting spine,"NSAIDs, Biologics, Physical therapy"
"Poor balance, unsteady gait, frequent falls, dizziness",Charcot-Marie-Tooth Disease,Inherited nerve disorder affecting movement,"Physical therapy, Occupational therapy, Supportive devices"
"Severe muscle weakness, double vision, drooping eyelids, breathing problems",Myasthenia Gravis,"Autoimmune disorder affecting nerve-muscle communication","Acetylcholinesterase inhibitors, Immunosuppressants, Thymectomy"
"Itchy red patches, scaling, silver plaques on skin, joint pain",Psoriasis,"Chronic autoimmune condition causing rapid skin cell growth","Topical treatments, Phototherapy, Systemic medications"
"Blood in urine, flank pain, fever, frequent urination",Kidney Stones,Crystalline deposits in the kidneys,"Pain management, Hydration, Lithotripsy, Surgery if needed"
"Fatigue, shortness of breath, swelling, exercise intolerance",Diastolic Heart Failure,Heart condition where ventricle doesn't relax properly,"ACE inhibitors, Beta blockers, Diuretics, Lifestyle changes"
"Eye inflammation, light sensitivity, blurred vision, eye pain",Uveitis,Inflammation of the middle layer of the eye,"Corticosteroid drops, Immunosuppressants, Treating underlying cause"
"Progressive hearing loss, ringing in ears, dizziness, vertigo",Meniere's Disease,Inner ear disorder affecting balance and hearing,"Salt restriction, Diuretics, Anti-vertigo medications"
"Muscle weakness, joint deformities, breathing problems",Spinal Muscular Atrophy Type 2,Genetic disorder affecting motor neurons,"Gene therapy, Physical therapy, Respiratory support"
"Abdominal pain, greasy stools, weight loss, malnutrition",Exocrine Pancreatic Insufficiency,Condition where pancreas doesn't produce enough digestive enzymes,"Pancreatic enzyme replacement, Nutritional supplements"
"Vision problems, bone abnormalities, hearing loss, facial features",Stickler Syndrome,Genetic disorder affecting collagen production,"Regular monitoring, Vision care, Hearing aids, Joint protection"
"Muscle weakness, respiratory issues, delayed development, heart problems",Acid Maltase Deficiency,Genetic disorder affecting glycogen metabolism,"Enzyme replacement therapy, Respiratory support, Physical therapy"
"Hair loss, nail abnormalities, teeth problems, sweating problems",Ectodermal Dysplasia,Genetic disorder affecting skin and its appendages,"Temperature regulation, Dental care, Skin care"
"High blood sugar, excessive thirst, frequent urination, slow healing",MODY Diabetes,Maturity-onset diabetes of the young,"Diet management, Oral medications, Regular monitoring"
"Memory problems, anxiety, tremors, difficulty walking, slurred speech",Cerebellar Ataxia,Progressive disorder affecting balance and coordination,"Physical therapy, Occupational therapy, Speech therapy"
"Skin ulcers, joint pain, cold sensitivity, digestive problems",Limited Scleroderma,Autoimmune condition primarily affecting skin and blood vessels,"Vasodilators, Immunosuppressants, Skin care"
"Vision loss, hearing loss, poor balance, muscle weakness",Usher Syndrome,Genetic disorder causing combined hearing and vision loss,"Vision aids, Hearing aids, Physical therapy"
"Poor bone density, fractures, muscle weakness, joint pain",X-linked Hypophosphatemia,Genetic disorder affecting phosphate metabolism,"Phosphate supplements, Vitamin D, Pain management"
"Recurring fever, abdominal pain, chest pain, joint pain",Familial Mediterranean Fever,Genetic inflammatory disorder,"Colchicine, Pain management, Anti-inflammatory drugs"
"Weight gain, purple stretch marks, muscle weakness, high blood pressure",Cushing's Syndrome,Condition of excess cortisol production,"Surgery, Medication to block cortisol, Regular monitoring"
